{"cameraMode":{"drawMode":0,"name":"Shaded","section":"Shading Mode"},"sceneLighting":true,"audioPlay":false,"sceneViewState":{"m_AlwaysRefresh":false,"showFog":true,"showSkybox":true,"showFlares":true,"showImageEffects":true,"showParticleSystems":true,"showVisualEffectGraphs":true,"m_FxEnabled":true},"in2DMode":false,"pivot":{"x":1.7894113063812256,"y":0.9664263725280762,"z":4.794614791870117},"rotation":{"x":0.17322957515716554,"y":-0.4523700475692749,"z":0.09005332738161087,"w":0.8702006936073303},"size":3.9470107555389406,"orthographic":false}